bundleID,category,day
3
1,cloudy,Saturday
2,snow,Thursday
3,snow,Saturday
4,snow,Sunday
5,snow,Sunday
6,snow,Friday
7,sunny,Sunday
8,rain,Sunday
9,cloudy,Thursday
10,sunny,Thursday
11,sunny,Saturday
12,cloudy,Monday
13,snow,Sunday
14,cloudy,Wednesday
15,snow,Friday
16,cloudy,Saturday
17,cloudy,Wednesday
18,cloudy,Wednesday
19,snow,Wednesday
20,sunny,Tuesday
21,sunny,Sunday
22,rain,Sunday
23,cloudy,Sunday
24,cloudy,Tuesday
25,sunny,Friday
26,rain,Thursday
27,rain,Saturday
28,sunny,Saturday
29,rain,Sunday
30,cloudy,Sunday
31,sunny,Thursday
32,snow,Tuesday
33,rain,Tuesday
34,sunny,Saturday
35,sunny,Sunday
36,sunny,Wednesday
37,rain,Saturday
38,rain,Monday
39,rain,Friday
40,rain,Monday
41,rain,Wednesday
42,sunny,Wednesday
43,rain,Wednesday
44,rain,Friday
45,rain,Sunday
46,sunny,Sunday
47,snow,Monday
48,sunny,Friday
49,snow,Monday
50,cloudy,Thursday
51,snow,Sunday
52,snow,Tuesday
53,cloudy,Sunday
54,sunny,Thursday
55,rain,Sunday
56,rain,Friday
57,cloudy,Thursday
58,cloudy,Sunday
59,rain,Friday
60,snow,Sunday
61,snow,Wednesday
62,rain,Wednesday
63,snow,Monday
64,cloudy,Tuesday
65,snow,Sunday
66,sunny,Wednesday
67,snow,Saturday
68,rain,Thursday
69,rain,Monday
70,cloudy,Thursday
71,sunny,Saturday
72,rain,Wednesday
73,cloudy,Thursday
74,sunny,Tuesday
75,rain,Tuesday
76,rain,Wednesday
77,rain,Saturday
78,cloudy,Thursday
79,rain,Friday
80,rain,Thursday
81,rain,Saturday
82,cloudy,Thursday
83,snow,Sunday
84,cloudy,Sunday
85,sunny,Tuesday
86,cloudy,Tuesday
87,snow,Wednesday
88,cloudy,Monday
89,sunny,Monday
90,cloudy,Wednesday
91,snow,Wednesday
92,snow,Friday
93,cloudy,Saturday
94,sunny,Tuesday
95,sunny,Saturday
96,snow,Friday
97,cloudy,Tuesday
98,sunny,Thursday
99,sunny,Saturday
100,cloudy,Friday
101,snow,Tuesday
102,sunny,Wednesday
103,cloudy,Monday
104,rain,Sunday
105,sunny,Thursday
106,rain,Thursday
107,snow,Monday
108,cloudy,Monday
109,sunny,Monday
110,sunny,Sunday
111,snow,Thursday
112,snow,Thursday
113,sunny,Saturday
114,cloudy,Saturday
115,sunny,Tuesday
116,sunny,Wednesday
117,rain,Sunday
118,cloudy,Friday
119,rain,Thursday
120,sunny,Thursday
121,rain,Monday
122,sunny,Thursday
123,rain,Thursday
124,cloudy,Friday
125,cloudy,Monday
126,rain,Sunday
127,cloudy,Saturday
128,snow,Tuesday
129,rain,Friday
130,sunny,Saturday
131,cloudy,Friday
132,snow,Saturday
133,rain,Monday
134,sunny,Sunday
135,rain,Sunday
136,snow,Thursday
137,sunny,Thursday
138,rain,Saturday
139,rain,Wednesday
140,sunny,Friday
141,sunny,Sunday
142,sunny,Monday
143,snow,Tuesday
144,cloudy,Friday
145,sunny,Wednesday
146,sunny,Friday
147,rain,Tuesday
148,snow,Saturday
149,rain,Wednesday
150,sunny,Tuesday
151,rain,Saturday
152,sunny,Saturday
153,rain,Sunday
154,snow,Tuesday
155,sunny,Monday
156,snow,Tuesday
157,cloudy,Wednesday
158,cloudy,Friday
159,cloudy,Friday
160,snow,Wednesday
161,rain,Thursday
162,snow,Monday
163,cloudy,Monday
164,sunny,Saturday
165,cloudy,Friday
166,rain,Sunday
167,sunny,Saturday
168,rain,Wednesday
169,cloudy,Wednesday
170,snow,Sunday
171,sunny,Thursday
172,rain,Monday
173,rain,Monday
174,sunny,Sunday
175,cloudy,Tuesday
176,rain,Friday
177,rain,Saturday
178,snow,Sunday
179,snow,Monday
180,sunny,Tuesday
181,snow,Tuesday
182,rain,Thursday
183,cloudy,Monday
184,snow,Saturday
185,sunny,Wednesday
186,snow,Tuesday
187,snow,Monday
188,sunny,Monday
189,sunny,Saturday
190,snow,Friday
191,snow,Tuesday
192,sunny,Thursday
193,rain,Saturday
194,rain,Thursday
195,snow,Wednesday
196,rain,Friday
197,rain,Thursday
198,sunny,Monday
199,snow,Saturday
200,rain,Wednesday
201,sunny,Wednesday
202,snow,Wednesday
203,sunny,Monday
204,snow,Wednesday
205,cloudy,Saturday
206,snow,Tuesday
207,rain,Wednesday
208,rain,Thursday
209,sunny,Sunday
210,sunny,Sunday
211,cloudy,Thursday
212,snow,Saturday
213,snow,Wednesday
214,snow,Wednesday
215,snow,Monday
216,sunny,Tuesday
217,rain,Thursday
218,cloudy,Friday
219,rain,Saturday
220,rain,Wednesday
221,snow,Monday
222,snow,Tuesday
223,rain,Tuesday
224,rain,Sunday
225,rain,Thursday
226,snow,Sunday
227,cloudy,Wednesday
228,cloudy,Friday
229,cloudy,Monday
230,rain,Saturday
231,sunny,Thursday
232,rain,Friday
233,snow,Friday
234,snow,Saturday
235,snow,Friday
236,rain,Tuesday
237,cloudy,Sunday
238,sunny,Thursday
239,cloudy,Friday
240,rain,Friday
241,sunny,Sunday
242,sunny,Wednesday
243,sunny,Monday
244,cloudy,Sunday
245,snow,Sunday
246,snow,Tuesday
247,rain,Thursday
248,sunny,Wednesday
249,cloudy,Tuesday
250,rain,Saturday
251,rain,Thursday
252,sunny,Friday
253,rain,Saturday
254,rain,Saturday
255,rain,Tuesday
256,snow,Monday
257,snow,Saturday
258,snow,Tuesday
259,rain,Monday
260,cloudy,Saturday
261,sunny,Saturday
262,sunny,Monday
263,cloudy,Monday
264,snow,Wednesday
265,snow,Friday
266,snow,Thursday
267,sunny,Thursday
268,sunny,Friday
269,snow,Thursday
270,sunny,Wednesday
271,snow,Saturday
272,cloudy,Thursday
273,snow,Sunday
274,rain,Friday
275,cloudy,Saturday
276,snow,Friday
277,cloudy,Friday
278,cloudy,Friday
279,rain,Monday
280,snow,Tuesday
281,snow,Sunday
282,sunny,Friday
283,rain,Wednesday
284,snow,Tuesday
285,cloudy,Tuesday
286,rain,Monday
287,snow,Tuesday
288,sunny,Thursday
289,sunny,Thursday
290,sunny,Saturday
291,cloudy,Tuesday
292,cloudy,Sunday
293,snow,Tuesday
294,snow,Friday
295,sunny,Wednesday
296,sunny,Sunday
297,cloudy,Saturday
298,rain,Saturday
299,cloudy,Sunday
300,sunny,Thursday
78,cloudy,Monday
216,rain,Thursday
140,sunny,Sunday
257,cloudy,Sunday
275,cloudy,Saturday
161,rain,Tuesday
279,cloudy,Wednesday
158,snow,Wednesday
201,rain,Wednesday
261,rain,Thursday
17,rain,Saturday
187,rain,Saturday
182,snow,Friday
149,sunny,Tuesday
41,snow,Sunday
80,cloudy,Wednesday
139,sunny,Wednesday
183,cloudy,Monday
54,cloudy,Friday
221,sunny,Sunday
18,cloudy,Friday
127,snow,Tuesday
82,rain,Wednesday
281,snow,Thursday
169,rain,Thursday
40,rain,Monday
96,rain,Saturday
18,rain,Thursday
40,rain,Saturday
214,rain,Friday
34,snow,Saturday
223,rain,Thursday
180,cloudy,Monday
239,snow,Wednesday
287,cloudy,Monday
233,sunny,Tuesday
166,sunny,Wednesday
196,rain,Friday
20,sunny,Tuesday
45,rain,Wednesday
121,cloudy,Saturday
236,snow,Monday
224,snow,Sunday
283,cloudy,Friday
287,cloudy,Wednesday
140,sunny,Sunday
104,rain,Wednesday
183,sunny,Wednesday
77,rain,Thursday
51,cloudy,Thursday
97,rain,Wednesday
215,rain,Thursday
144,sunny,Friday
14,sunny,Tuesday
55,cloudy,Thursday
199,cloudy,Sunday
71,cloudy,Sunday
93,snow,Sunday
287,snow,Wednesday
137,cloudy,Wednesday
184,cloudy,Tuesday
169,cloudy,Monday
78,sunny,Monday
293,snow,Sunday
53,rain,Wednesday
54,rain,Thursday
265,cloudy,Saturday
168,snow,Monday
162,sunny,Friday
146,snow,Friday
10,sunny,Friday
104,rain,Thursday
25,cloudy,Sunday
129,rain,Thursday
230,rain,Friday
289,sunny,Thursday
183,snow,Wednesday
258,cloudy,Sunday
179,sunny,Friday
19,sunny,Friday
133,snow,Thursday
159,snow,Sunday
91,snow,Sunday
263,sunny,Saturday
166,rain,Tuesday
93,snow,Friday
142,cloudy,Sunday
41,snow,Sunday
72,sunny,Thursday
209,cloudy,Wednesday
245,sunny,Friday
117,snow,Friday
294,sunny,Wednesday
194,cloudy,Wednesday
195,cloudy,Friday
166,rain,Monday
227,rain,Tuesday
289,cloudy,Thursday
219,rain,Sunday
149,rain,Saturday
155,cloudy,Monday
144,sunny,Monday
66,sunny,Thursday
168,rain,Thursday
110,snow,Sunday
173,rain,Tuesday
93,cloudy,Sunday
99,snow,Thursday
37,snow,Wednesday
44,cloudy,Friday
220,rain,Sunday
163,sunny,Monday
67,sunny,Friday
180,rain,Monday
196,sunny,Sunday
213,cloudy,Saturday
159,sunny,Saturday
227,sunny,Friday
272,sunny,Friday
187,rain,Tuesday
197,sunny,Thursday
237,snow,Saturday
181,snow,Friday
260,rain,Wednesday
142,cloudy,Wednesday
218,cloudy,Saturday
151,rain,Tuesday
199,cloudy,Thursday
260,snow,Wednesday
105,cloudy,Sunday
116,cloudy,Saturday
140,snow,Tuesday
191,snow,Wednesday
36,sunny,Saturday
21,cloudy,Saturday
150,rain,Thursday
77,sunny,Thursday
277,sunny,Sunday
287,snow,Thursday
1,snow,Saturday
163,rain,Tuesday
227,rain,Saturday
153,sunny,Saturday
26,sunny,Saturday
112,rain,Wednesday
144,cloudy,Sunday
212,rain,Friday
247,sunny,Thursday
128,rain,Thursday
261,cloudy,Sunday
243,cloudy,Sunday
159,cloudy,Saturday
177,rain,Tuesday
15,snow,Tuesday
213,sunny,Monday
211,cloudy,Saturday
193,rain,Wednesday
151,rain,Thursday
45,cloudy,Tuesday
218,rain,Monday
82,cloudy,Thursday
245,rain,Thursday
263,snow,Saturday
136,snow,Tuesday
232,cloudy,Wednesday
126,sunny,Sunday
113,cloudy,Sunday
224,sunny,Monday
164,rain,Wednesday
115,rain,Saturday
208,snow,Sunday
50,snow,Wednesday
235,snow,Sunday
189,snow,Friday
279,sunny,Friday
39,cloudy,Friday
55,cloudy,Friday
71,rain,Friday
32,cloudy,Wednesday
139,rain,Sunday
38,rain,Thursday
287,snow,Monday
88,cloudy,Sunday
9,cloudy,Tuesday
11,cloudy,Sunday
61,snow,Monday
136,rain,Friday
208,sunny,Friday
75,rain,Thursday
114,sunny,Tuesday
282,rain,Friday
276,cloudy,Wednesday
74,snow,Thursday
167,snow,Monday
230,sunny,Monday
117,sunny,Friday
213,snow,Friday
114,sunny,Saturday
120,rain,Wednesday
246,cloudy,Wednesday
156,snow,Thursday
189,sunny,Wednesday
180,sunny,Tuesday
169,snow,Saturday
181,snow,Friday
134,snow,Monday
166,snow,Tuesday
273,cloudy,Tuesday
164,cloudy,Wednesday
232,cloudy,Monday
13,rain,Tuesday
40,sunny,Sunday
176,sunny,Monday
235,snow,Monday
108,sunny,Sunday
259,snow,Monday
81,snow,Thursday
75,rain,Saturday
12,cloudy,Tuesday
117,sunny,Thursday
1,snow,Friday
54,cloudy,Thursday
175,rain,Sunday
198,snow,Saturday
295,snow,Monday
53,cloudy,Thursday
61,cloudy,Saturday
61,cloudy,Friday
168,snow,Tuesday
125,sunny,Thursday
205,sunny,Monday
161,snow,Sunday
148,sunny,Friday
129,rain,Wednesday
75,cloudy,Monday
217,rain,Thursday
234,snow,Monday
214,sunny,Wednesday
224,snow,Wednesday
7,cloudy,Saturday
109,sunny,Wednesday
130,snow,Friday
220,rain,Sunday
32,cloudy,Wednesday
272,snow,Wednesday
145,snow,Sunday
145,snow,Thursday
201,cloudy,Tuesday
112,snow,Monday
198,snow,Sunday
193,rain,Thursday
268,sunny,Monday
279,snow,Friday
128,snow,Saturday
152,cloudy,Tuesday
206,snow,Wednesday
298,rain,Saturday
129,cloudy,Saturday
63,cloudy,Thursday
45,sunny,Monday
198,sunny,Friday
3,rain,Tuesday
245,sunny,Friday
89,cloudy,Monday
79,sunny,Saturday
210,sunny,Sunday
16,cloudy,Tuesday
179,cloudy,Thursday
42,sunny,Sunday
233,cloudy,Wednesday
176,snow,Saturday
188,snow,Sunday
51,rain,Tuesday
289,snow,Saturday
212,cloudy,Friday
213,sunny,Thursday
281,cloudy,Thursday
170,sunny,Wednesday
254,sunny,Wednesday
39,snow,Tuesday
86,sunny,Wednesday
100,cloudy,Saturday
114,cloudy,Wednesday
280,cloudy,Friday
226,sunny,Saturday
110,snow,Sunday
246,rain,Monday
134,snow,Tuesday
255,sunny,Friday
117,snow,Friday
153,sunny,Friday
289,cloudy,Saturday
140,rain,Sunday
281,rain,Thursday
59,sunny,Sunday
259,snow,Monday
165,rain,Tuesday
132,rain,Thursday
61,snow,Tuesday
49,rain,Friday
27,snow,Sunday
175,rain,Thursday
13,snow,Wednesday
298,snow,Thursday
294,snow,Monday
156,rain,Saturday
57,snow,Tuesday
205,snow,Wednesday
162,sunny,Saturday
56,snow,Saturday
190,rain,Sunday
90,snow,Wednesday
202,cloudy,Friday
147,snow,Monday
178,cloudy,Friday
195,rain,Wednesday
102,cloudy,Friday
108,snow,Thursday
145,rain,Tuesday
167,sunny,Wednesday
230,snow,Monday
173,rain,Friday
191,cloudy,Monday
229,snow,Friday
80,cloudy,Tuesday
56,sunny,Tuesday
218,snow,Friday
90,snow,Monday
76,rain,Wednesday
116,snow,Thursday
56,sunny,Friday
67,cloudy,Sunday
297,sunny,Tuesday
293,sunny,Saturday
118,cloudy,Saturday
286,sunny,Tuesday
101,rain,Wednesday
262,snow,Tuesday
224,rain,Monday
288,rain,Monday
82,sunny,Sunday
180,cloudy,Saturday
20,sunny,Sunday
60,sunny,Monday
27,snow,Sunday
249,snow,Tuesday
71,rain,Tuesday
17,sunny,Thursday
36,rain,Tuesday
127,rain,Tuesday
288,sunny,Friday
32,cloudy,Saturday
276,snow,Sunday
33,snow,Monday
89,sunny,Monday
76,snow,Monday
84,snow,Thursday
221,cloudy,Monday
273,sunny,Tuesday
102,rain,Tuesday
134,cloudy,Thursday
216,sunny,Tuesday
113,snow,Monday
32,snow,Monday
82,sunny,Wednesday
39,snow,Sunday
127,snow,Thursday
62,sunny,Thursday
210,sunny,Wednesday
201,sunny,Thursday
172,cloudy,Wednesday
222,cloudy,Tuesday
147,cloudy,Sunday
281,snow,Saturday
10,sunny,Monday
134,rain,Friday
184,snow,Thursday
84,snow,Friday
220,sunny,Thursday
1,sunny,Monday
258,cloudy,Saturday
169,cloudy,Wednesday
239,cloudy,Thursday
51,cloudy,Tuesday
6,rain,Sunday
219,sunny,Sunday
166,rain,Saturday
213,sunny,Wednesday
9,rain,Friday
213,sunny,Wednesday
224,rain,Thursday
265,sunny,Tuesday
5,rain,Friday
205,cloudy,Sunday
41,rain,Monday
83,rain,Wednesday
185,sunny,Monday
159,rain,Saturday
75,sunny,Friday
112,cloudy,Tuesday
199,sunny,Thursday
12,rain,Tuesday
188,sunny,Wednesday
248,cloudy,Friday
100,snow,Friday
253,cloudy,Friday
82,snow,Monday
72,sunny,Monday
108,sunny,Monday
239,cloudy,Sunday
157,cloudy,Sunday
121,sunny,Thursday
120,sunny,Monday
296,cloudy,Monday
5,snow,Wednesday
108,sunny,Friday
48,rain,Friday
11,sunny,Saturday
62,rain,Sunday
157,cloudy,Tuesday
37,snow,Thursday
146,rain,Monday
232,snow,Saturday
14,rain,Thursday
179,rain,Monday
274,sunny,Wednesday
216,snow,Monday
136,cloudy,Tuesday
107,rain,Thursday
46,sunny,Friday
170,snow,Wednesday
243,snow,Saturday
186,cloudy,Thursday
65,cloudy,Tuesday
219,sunny,Sunday
28,rain,Saturday
203,rain,Tuesday
210,snow,Friday
60,cloudy,Tuesday
83,sunny,Saturday
159,cloudy,Saturday
78,rain,Thursday
21,snow,Wednesday
85,rain,Friday
244,cloudy,Wednesday
224,cloudy,Thursday
79,rain,Monday
220,rain,Sunday
118,snow,Monday
219,cloudy,Tuesday
189,rain,Wednesday
202,cloudy,Sunday
161,rain,Friday
120,sunny,Friday
118,rain,Monday
153,snow,Wednesday
83,rain,Sunday
202,sunny,Sunday
232,snow,Monday
251,snow,Friday
148,rain,Tuesday
68,cloudy,Sunday
89,sunny,Saturday
133,sunny,Tuesday
266,snow,Tuesday
119,rain,Monday
270,snow,Sunday
233,rain,Tuesday
76,snow,Wednesday
161,snow,Sunday
248,cloudy,Friday
8,snow,Friday
143,sunny,Saturday
16,sunny,Saturday
146,snow,Tuesday
208,snow,Tuesday
186,rain,Thursday
19,snow,Sunday
189,cloudy,Sunday
6,snow,Friday
187,snow,Tuesday
278,cloudy,Thursday
195,snow,Sunday
170,snow,Tuesday
103,snow,Friday
72,rain,Friday
276,cloudy,Tuesday
53,snow,Thursday
130,snow,Saturday
188,rain,Tuesday
238,rain,Tuesday
13,rain,Thursday
151,cloudy,Tuesday
218,sunny,Sunday
60,sunny,Thursday
85,cloudy,Monday
92,rain,Thursday
80,sunny,Wednesday
160,rain,Saturday
234,rain,Wednesday
284,snow,Friday
283,rain,Tuesday
259,snow,Sunday
227,cloudy,Friday
275,cloudy,Tuesday
129,sunny,Sunday
197,snow,Wednesday
152,sunny,Thursday
234,cloudy,Sunday
287,cloudy,Sunday
295,cloudy,Wednesday
151,rain,Monday
163,sunny,Thursday
118,snow,Saturday
132,sunny,Sunday
100,rain,Friday
173,snow,Monday
232,sunny,Thursday
293,rain,Saturday
79,sunny,Friday
121,snow,Tuesday
297,snow,Monday
83,rain,Wednesday
37,snow,Monday
120,rain,Monday
151,sunny,Monday
175,rain,Tuesday
71,rain,Sunday
261,sunny,Thursday
238,cloudy,Sunday
114,rain,Monday
224,snow,Saturday
184,rain,Tuesday
227,sunny,Sunday
85,rain,Sunday
2,rain,Sunday
140,rain,Wednesday
213,cloudy,Saturday
140,sunny,Thursday
78,sunny,Thursday
201,rain,Sunday
148,cloudy,Friday
13,cloudy,Tuesday
65,snow,Friday
224,snow,Wednesday
85,snow,Sunday
11,snow,Saturday
174,rain,Monday
147,cloudy,Friday
86,rain,Saturday
98,rain,Wednesday
211,sunny,Friday
24,snow,Friday
92,snow,Saturday
176,rain,Friday
227,snow,Saturday
100,sunny,Tuesday
180,sunny,Tuesday
216,sunny,Tuesday
250,sunny,Monday
4,snow,Wednesday
135,snow,Thursday
88,sunny,Saturday
245,sunny,Tuesday
67,cloudy,Sunday
38,snow,Monday
141,cloudy,Friday
224,snow,Monday
184,cloudy,Monday
21,snow,Sunday
125,sunny,Saturday
191,rain,Tuesday
103,sunny,Wednesday
16,rain,Sunday
34,cloudy,Sunday
15,rain,Thursday
107,cloudy,Monday
25,rain,Tuesday
112,rain,Saturday
85,snow,Tuesday
122,sunny,Monday
224,rain,Sunday
113,cloudy,Thursday
210,snow,Sunday
214,rain,Tuesday
234,cloudy,Thursday
33,cloudy,Wednesday
192,cloudy,Wednesday
271,rain,Sunday
157,rain,Monday
120,sunny,Wednesday
62,cloudy,Tuesday
260,rain,Monday
10,cloudy,Saturday
17,cloudy,Saturday
72,rain,Sunday
300,cloudy,Friday
111,sunny,Tuesday
243,snow,Thursday
202,snow,Monday
22,snow,Wednesday
124,rain,Saturday
168,cloudy,Saturday
9,snow,Tuesday
98,sunny,Sunday
168,cloudy,Monday
173,cloudy,Sunday
280,cloudy,Friday
117,sunny,Sunday
8,rain,Sunday
219,sunny,Thursday
13,snow,Saturday
140,cloudy,Wednesday
28,cloudy,Sunday
55,snow,Friday
112,sunny,Monday
116,rain,Tuesday
138,sunny,Tuesday
33,sunny,Wednesday
197,sunny,Tuesday
250,cloudy,Monday
266,rain,Saturday
222,rain,Monday
22,sunny,Sunday
211,rain,Sunday
31,snow,Thursday
298,sunny,Sunday
239,cloudy,Tuesday
211,rain,Monday
105,snow,Saturday
146,snow,Friday
25,rain,Tuesday
224,rain,Friday
288,cloudy,Saturday
294,rain,Tuesday
74,snow,Friday
57,sunny,Wednesday
234,cloudy,Monday
87,sunny,Sunday
292,sunny,Monday
186,rain,Wednesday
88,cloudy,Tuesday
96,cloudy,Tuesday
253,rain,Thursday
267,sunny,Wednesday
67,snow,Wednesday
297,rain,Thursday
148,sunny,Sunday
132,cloudy,Tuesday
185,snow,Tuesday
76,snow,Monday
190,rain,Tuesday
126,cloudy,Saturday
263,snow,Monday
115,rain,Friday
281,snow,Friday
186,sunny,Tuesday
170,snow,Saturday
158,sunny,Tuesday
125,snow,Sunday
41,cloudy,Saturday
2,cloudy,Friday
101,rain,Friday
44,snow,Monday
181,sunny,Thursday
112,sunny,Saturday
85,cloudy,Saturday
156,snow,Saturday
1,cloudy,Saturday
117,sunny,Tuesday
4,sunny,Saturday
255,cloudy,Tuesday
93,rain,Saturday
21,cloudy,Friday
281,rain,Tuesday
30,snow,Sunday
59,sunny,Monday
125,sunny,Wednesday
19,cloudy,Friday
32,sunny,Sunday
237,snow,Tuesday
146,sunny,Saturday
87,snow,Wednesday
94,sunny,Saturday
19,sunny,Sunday
55,cloudy,Thursday
139,snow,Saturday
276,sunny,Sunday
58,cloudy,Sunday
147,snow,Monday
155,sunny,Wednesday
255,rain,Friday
147,rain,Wednesday
138,snow,Tuesday
150,snow,Monday
87,rain,Sunday
135,snow,Monday
56,cloudy,Monday
55,snow,Saturday
57,rain,Thursday
282,snow,Sunday
76,snow,Sunday
107,sunny,Sunday
74,cloudy,Monday
55,sunny,Monday
154,rain,Wednesday
262,snow,Tuesday
284,sunny,Sunday
26,rain,Thursday
83,cloudy,Wednesday
272,rain,Tuesday
240,cloudy,Monday
75,sunny,Monday
69,snow,Tuesday
296,sunny,Tuesday
270,sunny,Friday
2,cloudy,Thursday
132,rain,Wednesday
91,snow,Saturday
17,sunny,Thursday
90,sunny,Thursday
159,rain,Wednesday
295,rain,Thursday
27,rain,Tuesday
69,cloudy,Sunday
29,snow,Saturday
218,sunny,Wednesday
277,rain,Sunday
288,rain,Sunday
231,rain,Thursday
74,sunny,Monday
185,snow,Saturday
181,rain,Sunday
237,snow,Friday
48,snow,Wednesday
82,sunny,Friday
124,sunny,Monday
279,rain,Sunday
45,rain,Saturday
164,cloudy,Sunday
126,sunny,Sunday
285,snow,Monday
30,cloudy,Friday
38,rain,Thursday
293,snow,Tuesday
210,snow,Wednesday
177,cloudy,Tuesday
91,rain,Wednesday
151,rain,Sunday
29,rain,Thursday
12,sunny,Sunday
295,rain,Friday
222,sunny,Monday
104,sunny,Friday
290,rain,Friday
158,snow,Wednesday
214,rain,Friday
138,snow,Sunday
187,sunny,Sunday
177,rain,Thursday
60,sunny,Tuesday
48,sunny,Thursday
187,snow,Thursday
170,snow,Thursday
84,sunny,Thursday
198,rain,Monday
176,snow,Wednesday
142,rain,Monday
283,cloudy,Monday
300,rain,Tuesday
253,sunny,Saturday
163,sunny,Tuesday
134,snow,Tuesday
81,snow,Sunday
251,sunny,Thursday
19,sunny,Saturday
113,snow,Saturday
239,sunny,Thursday
52,cloudy,Friday
41,sunny,Thursday
104,cloudy,Friday
92,cloudy,Saturday
237,cloudy,Monday
102,sunny,Thursday
259,rain,Monday
119,cloudy,Tuesday
158,snow,Wednesday
115,cloudy,Wednesday
144,sunny,Tuesday
88,rain,Wednesday
167,rain,Friday
210,snow,Tuesday
101,cloudy,Wednesday
205,rain,Thursday
186,sunny,Saturday
76,snow,Friday
118,snow,Monday
115,cloudy,Wednesday
31,snow,Monday
69,snow,Friday
199,rain,Wednesday
205,snow,Sunday
281,sunny,Wednesday
241,sunny,Monday
245,snow,Friday
289,snow,Friday
196,sunny,Monday
138,snow,Friday
98,sunny,Friday
78,cloudy,Sunday
83,sunny,Friday
225,sunny,Saturday
23,snow,Tuesday
254,rain,Saturday
89,cloudy,Saturday
297,cloudy,Saturday
220,sunny,Tuesday
124,cloudy,Friday
169,sunny,Friday
232,rain,Friday
61,cloudy,Thursday
129,cloudy,Sunday
121,sunny,Saturday
249,snow,Saturday
103,snow,Sunday
104,sunny,Wednesday
263,rain,Friday
280,cloudy,Thursday
231,snow,Thursday
33,sunny,Saturday
55,rain,Friday
191,cloudy,Friday
60,snow,Monday
230,cloudy,Thursday
285,snow,Tuesday
110,sunny,Saturday
208,sunny,Monday
86,snow,Monday
2,rain,Tuesday
34,cloudy,Friday
129,rain,Sunday
2,cloudy,Friday
76,cloudy,Tuesday
80,sunny,Wednesday
74,sunny,Saturday
32,snow,Friday
62,rain,Saturday
227,rain,Sunday
233,snow,Wednesday
168,cloudy,Wednesday
149,sunny,Tuesday
121,rain,Wednesday
187,snow,Tuesday
202,sunny,Wednesday
184,rain,Monday
223,sunny,Saturday
82,snow,Wednesday
158,snow,Tuesday
260,cloudy,Sunday
273,sunny,Saturday
52,cloudy,Monday
236,snow,Monday
29,snow,Saturday
137,rain,Monday
111,cloudy,Wednesday
131,sunny,Sunday
271,sunny,Saturday
189,rain,Saturday
27,snow,Tuesday
284,cloudy,Friday
125,cloudy,Friday
153,cloudy,Wednesday
86,snow,Friday
4,cloudy,Tuesday
3,snow,Wednesday
74,sunny,Wednesday
292,rain,Thursday
266,sunny,Tuesday
269,cloudy,Wednesday
105,cloudy,Saturday
263,sunny,Wednesday
34,sunny,Saturday
100,snow,Monday
259,sunny,Wednesday
101,snow,Wednesday
197,cloudy,Thursday
93,snow,Saturday
244,snow,Monday
41,cloudy,Friday
156,cloudy,Sunday
6,snow,Monday
257,sunny,Thursday
269,snow,Saturday
195,snow,Wednesday
103,sunny,Tuesday
66,cloudy,Monday
242,sunny,Sunday
282,sunny,Saturday
296,sunny,Tuesday
60,snow,Thursday
21,snow,Tuesday
22,snow,Tuesday
55,rain,Saturday
268,snow,Saturday
208,cloudy,Sunday
156,rain,Sunday
248,snow,Sunday
176,cloudy,Wednesday
11,sunny,Sunday
84,snow,Monday
97,cloudy,Sunday
80,cloudy,Monday
16,rain,Tuesday
21,sunny,Monday
110,snow,Thursday
61,sunny,Wednesday
277,rain,Friday
94,rain,Monday
160,rain,Monday
263,sunny,Saturday
95,snow,Friday
204,cloudy,Monday
240,rain,Monday
251,rain,Tuesday
180,snow,Sunday
274,sunny,Saturday
268,snow,Saturday
154,rain,Wednesday
145,sunny,Wednesday
259,cloudy,Monday
299,sunny,Tuesday
150,snow,Monday
138,cloudy,Wednesday
126,rain,Saturday
93,sunny,Sunday
118,cloudy,Friday
54,cloudy,Tuesday
91,snow,Tuesday
280,snow,Thursday
62,sunny,Thursday
222,snow,Friday
293,snow,Wednesday
292,sunny,Monday
226,rain,Thursday
139,rain,Wednesday
6,sunny,Tuesday
123,sunny,Wednesday
214,cloudy,Monday
253,cloudy,Tuesday
7,cloudy,Sunday
175,rain,Thursday
235,cloudy,Thursday
39,rain,Tuesday
212,rain,Friday
184,rain,Tuesday
217,snow,Thursday
235,snow,Friday
85,snow,Monday
79,sunny,Tuesday
173,sunny,Tuesday
30,snow,Thursday
17,sunny,Tuesday
15,cloudy,Saturday
289,snow,Sunday
7,cloudy,Friday
206,sunny,Tuesday
285,sunny,Saturday
207,sunny,Friday
105,rain,Thursday
116,cloudy,Friday
63,cloudy,Tuesday
31,cloudy,Thursday
24,cloudy,Tuesday
292,cloudy,Tuesday
214,snow,Monday
219,rain,Monday
130,cloudy,Sunday
1,cloudy,Monday
88,rain,Friday
265,cloudy,Sunday
221,cloudy,Tuesday
43,snow,Wednesday
202,snow,Monday
61,cloudy,Thursday
299,snow,Thursday
210,snow,Wednesday
189,cloudy,Monday
112,snow,Sunday
218,sunny,Sunday
57,snow,Tuesday
229,sunny,Saturday
116,sunny,Monday
298,cloudy,Monday
208,sunny,Wednesday
298,sunny,Sunday
115,sunny,Friday
170,cloudy,Thursday
86,rain,Monday
251,rain,Friday
68,rain,Thursday
122,rain,Monday
271,rain,Wednesday
209,cloudy,Saturday
132,cloudy,Wednesday
109,snow,Thursday
209,rain,Saturday
292,rain,Tuesday
85,cloudy,Tuesday
229,rain,Sunday
230,cloudy,Sunday
89,snow,Tuesday
155,rain,Friday
71,sunny,Saturday
167,cloudy,Wednesday
272,sunny,Sunday
10,snow,Wednesday
155,sunny,Sunday
299,rain,Monday
105,sunny,Sunday
267,sunny,Sunday
143,snow,Monday
262,sunny,Sunday
75,snow,Friday
299,rain,Tuesday
278,rain,Friday
240,rain,Thursday
100,cloudy,Thursday
188,sunny,Wednesday
265,rain,Thursday
25,sunny,Tuesday
214,rain,Sunday
251,sunny,Saturday
102,sunny,Sunday
285,snow,Monday
200,cloudy,Friday
212,sunny,Saturday
125,cloudy,Saturday
110,cloudy,Wednesday
121,snow,Friday
196,snow,Saturday
128,sunny,Friday
148,rain,Monday
100,sunny,Wednesday
271,rain,Wednesday
153,rain,Sunday
144,snow,Saturday
218,sunny,Tuesday
203,cloudy,Friday
125,rain,Saturday
163,rain,Tuesday
23,cloudy,Monday
44,cloudy,Friday
120,sunny,Tuesday
170,rain,Sunday
151,cloudy,Monday
123,snow,Tuesday
141,snow,Sunday
286,snow,Saturday
183,snow,Thursday
19,sunny,Sunday
99,snow,Friday
32,snow,Saturday
89,rain,Sunday
99,sunny,Saturday
148,sunny,Saturday
76,sunny,Tuesday
159,sunny,Thursday
186,sunny,Thursday
103,sunny,Saturday
70,cloudy,Saturday
34,rain,Monday
89,sunny,Friday
98,rain,Friday
95,sunny,Thursday
92,sunny,Saturday
32,rain,Saturday
2,rain,Friday
106,cloudy,Monday
136,cloudy,Saturday
44,snow,Friday
5,sunny,Saturday
30,sunny,Saturday
207,sunny,Sunday
67,snow,Saturday
141,sunny,Sunday
298,rain,Sunday
200,sunny,Friday
298,sunny,Tuesday
57,snow,Saturday
9,snow,Thursday
261,sunny,Friday
293,rain,Monday
202,sunny,Sunday
31,rain,Tuesday
254,snow,Wednesday
243,snow,Wednesday
53,rain,Wednesday
235,rain,Thursday
15,sunny,Saturday
192,snow,Thursday
282,cloudy,Wednesday
120,rain,Saturday
42,rain,Sunday
255,rain,Monday
3,cloudy,Saturday
120,sunny,Thursday
229,rain,Sunday
144,snow,Wednesday
37,sunny,Friday
33,snow,Tuesday
64,sunny,Wednesday
143,sunny,Saturday
272,rain,Thursday
202,cloudy,Wednesday
125,rain,Monday
89,snow,Sunday
213,cloudy,Sunday
119,snow,Thursday
173,rain,Saturday
293,rain,Tuesday
16,sunny,Thursday
189,cloudy,Wednesday
243,cloudy,Wednesday
19,rain,Friday
4,sunny,Friday
147,sunny,Thursday
73,snow,Wednesday
235,rain,Tuesday
121,snow,Tuesday
231,snow,Friday
285,snow,Tuesday
50,cloudy,Friday
248,snow,Friday
256,rain,Tuesday
155,cloudy,Tuesday
55,rain,Saturday
246,sunny,Wednesday
86,cloudy,Thursday
286,rain,Friday
86,sunny,Saturday
39,sunny,Friday
210,sunny,Thursday
159,snow,Thursday
23,cloudy,Tuesday
250,rain,Wednesday
22,rain,Saturday
37,sunny,Thursday
113,snow,Saturday
93,cloudy,Tuesday
217,sunny,Wednesday
1,cloudy,Thursday
262,cloudy,Thursday
183,snow,Thursday
180,cloudy,Thursday
95,cloudy,Wednesday
36,rain,Wednesday
32,snow,Monday
266,sunny,Monday
117,snow,Monday
246,rain,Thursday
108,snow,Friday
37,sunny,Monday
215,snow,Friday
271,rain,Thursday
63,cloudy,Thursday
268,sunny,Tuesday
119,sunny,Tuesday
259,cloudy,Wednesday
104,sunny,Wednesday
167,rain,Sunday
106,snow,Wednesday
28,sunny,Saturday
273,sunny,Friday
90,rain,Thursday
201,sunny,Wednesday
167,cloudy,Friday
132,rain,Friday
265,rain,Tuesday
71,rain,Tuesday
89,snow,Sunday
225,sunny,Thursday
211,cloudy,Friday
7,sunny,Tuesday
215,snow,Sunday
163,sunny,Saturday
216,sunny,Wednesday
277,snow,Thursday
221,sunny,Sunday
82,rain,Wednesday
68,snow,Saturday
199,cloudy,Wednesday
213,cloudy,Tuesday
6,snow,Friday
221,cloudy,Thursday
108,cloudy,Thursday
249,rain,Wednesday
126,cloudy,Wednesday
233,rain,Sunday
156,sunny,Monday
148,rain,Monday
94,snow,Tuesday
162,sunny,Wednesday
136,snow,Thursday
161,cloudy,Tuesday
227,sunny,Tuesday
265,rain,Wednesday
141,rain,Monday
13,snow,Wednesday
133,snow,Tuesday
128,sunny,Thursday
62,cloudy,Thursday
174,rain,Saturday
90,snow,Friday
45,rain,Thursday
234,snow,Saturday
24,sunny,Tuesday
221,cloudy,Friday
195,sunny,Sunday
286,rain,Sunday
277,sunny,Tuesday
38,sunny,Friday
4,rain,Tuesday
206,sunny,Saturday
156,cloudy,Thursday
218,rain,Monday
187,rain,Sunday
157,rain,Sunday
18,cloudy,Thursday
270,cloudy,Thursday
166,cloudy,Tuesday
224,rain,Saturday
152,sunny,Wednesday
260,snow,Thursday
194,rain,Saturday
127,sunny,Monday
26,snow,Friday
277,rain,Monday
22,rain,Saturday
89,sunny,Wednesday
28,sunny,Saturday
203,sunny,Thursday
184,snow,Tuesday
249,sunny,Wednesday
214,snow,Thursday
111,snow,Sunday
10,cloudy,Thursday
148,snow,Friday
238,cloudy,Wednesday
44,cloudy,Sunday
298,sunny,Sunday
5,snow,Friday
234,snow,Tuesday
86,snow,Thursday
257,rain,Friday
126,sunny,Friday
155,cloudy,Thursday
229,rain,Wednesday
258,cloudy,Wednesday
43,snow,Thursday
78,rain,Monday
68,snow,Monday
100,cloudy,Sunday
253,cloudy,Sunday
213,cloudy,Saturday
12,cloudy,Thursday
279,rain,Wednesday
217,cloudy,Sunday
137,sunny,Sunday
161,sunny,Tuesday
106,cloudy,Monday
228,sunny,Wednesday
102,cloudy,Wednesday
208,sunny,Thursday
178,cloudy,Monday
186,sunny,Thursday
180,snow,Sunday
225,sunny,Thursday
24,cloudy,Saturday
40,snow,Friday
20,snow,Thursday
244,rain,Sunday
247,snow,Saturday
147,cloudy,Monday
39,sunny,Wednesday
274,sunny,Sunday
258,snow,Tuesday
131,snow,Wednesday
64,cloudy,Wednesday
173,cloudy,Thursday
152,sunny,Saturday
246,cloudy,Wednesday
293,snow,Tuesday
48,snow,Monday
238,sunny,Monday
286,cloudy,Sunday
68,sunny,Wednesday
265,rain,Sunday
129,cloudy,Saturday
61,cloudy,Sunday
160,sunny,Tuesday
70,snow,Thursday
47,rain,Friday
299,snow,Wednesday
232,cloudy,Monday
22,cloudy,Saturday
65,rain,Sunday
135,rain,Thursday
25,cloudy,Sunday
278,rain,Sunday
131,snow,Tuesday
89,cloudy,Thursday
251,cloudy,Monday
190,snow,Wednesday
109,sunny,Tuesday
19,sunny,Friday
268,rain,Sunday
9,snow,Wednesday
273,sunny,Sunday
226,sunny,Wednesday
168,sunny,Sunday
186,cloudy,Tuesday
50,rain,Monday
147,sunny,Monday
212,cloudy,Thursday
201,sunny,Monday
85,sunny,Thursday
109,sunny,Monday
2,rain,Saturday
253,rain,Thursday
197,sunny,Wednesday
229,sunny,Thursday
118,cloudy,Friday
21,snow,Friday
151,rain,Monday
273,rain,Wednesday
263,sunny,Sunday
234,rain,Monday
256,sunny,Tuesday
267,cloudy,Tuesday
114,rain,Monday
159,snow,Tuesday
202,snow,Thursday
270,rain,Wednesday
134,sunny,Monday
265,snow,Friday
274,sunny,Monday
115,snow,Tuesday
164,snow,Friday
84,snow,Sunday
111,cloudy,Monday
157,cloudy,Friday
163,snow,Thursday
291,sunny,Wednesday
268,snow,Sunday
198,rain,Tuesday
4,snow,Wednesday
171,snow,Thursday
21,snow,Wednesday
283,snow,Sunday
163,rain,Monday
191,cloudy,Saturday
63,snow,Thursday
163,rain,Sunday
18,snow,Saturday
211,rain,Sunday
57,snow,Thursday
107,rain,Sunday
162,snow,Thursday
184,rain,Friday
68,cloudy,Sunday
186,rain,Saturday
106,rain,Thursday
55,rain,Wednesday
221,rain,Friday
137,cloudy,Monday
200,rain,Thursday
109,snow,Monday
122,sunny,Monday
27,sunny,Saturday
78,cloudy,Thursday
249,rain,Saturday
269,rain,Thursday
3,rain,Tuesday
164,sunny,Thursday
42,cloudy,Saturday
94,sunny,Wednesday
146,snow,Monday
58,snow,Saturday
267,sunny,Tuesday
217,rain,Tuesday
215,snow,Saturday
283,snow,Tuesday
267,cloudy,Monday
157,cloudy,Monday
83,snow,Saturday
201,rain,Thursday
100,snow,Monday
134,snow,Friday
114,cloudy,Thursday
269,sunny,Tuesday
83,rain,Monday
21,snow,Monday
174,sunny,Saturday
192,rain,Thursday
66,snow,Wednesday
24,snow,Monday
31,sunny,Sunday
204,rain,Thursday
45,rain,Tuesday
62,cloudy,Tuesday
212,snow,Thursday
253,sunny,Wednesday
277,sunny,Sunday
198,sunny,Monday
254,cloudy,Wednesday
148,sunny,Saturday
108,rain,Saturday
120,snow,Saturday
86,cloudy,Sunday
183,snow,Thursday
280,rain,Friday
134,snow,Thursday
292,rain,Saturday
276,sunny,Friday
20,rain,Monday
264,snow,Friday
40,cloudy,Monday
104,snow,Tuesday
165,rain,Tuesday
229,cloudy,Friday
144,rain,Tuesday
128,cloudy,Saturday
130,rain,Saturday
277,cloudy,Saturday
27,rain,Tuesday
4,rain,Wednesday
198,rain,Saturday
59,rain,Tuesday
155,cloudy,Thursday
113,snow,Friday
70,sunny,Saturday
21,rain,Saturday
128,cloudy,Saturday
124,rain,Thursday
282,sunny,Monday
61,rain,Wednesday
35,cloudy,Sunday
257,sunny,Tuesday
267,rain,Saturday
5,snow,Monday
58,sunny,Thursday
41,cloudy,Wednesday
8,sunny,Monday
92,cloudy,Friday
190,sunny,Sunday
99,rain,Tuesday
40,rain,Wednesday
38,rain,Wednesday
197,rain,Monday
202,sunny,Tuesday
2,rain,Saturday
174,sunny,Wednesday
280,snow,Thursday
249,sunny,Tuesday
120,snow,Sunday
83,sunny,Saturday
57,cloudy,Monday
171,snow,Friday
242,sunny,Saturday
43,rain,Wednesday
61,rain,Saturday
256,rain,Tuesday
291,sunny,Monday
173,rain,Thursday
225,rain,Monday
30,cloudy,Thursday
124,rain,Tuesday
76,rain,Friday
38,rain,Thursday
39,snow,Tuesday
176,snow,Wednesday
62,cloudy,Saturday
120,cloudy,Thursday
232,rain,Tuesday
249,cloudy,Tuesday
175,snow,Friday
139,cloudy,Wednesday
106,cloudy,Monday
49,snow,Sunday
65,cloudy,Sunday
197,snow,Tuesday
262,snow,Friday
37,cloudy,Friday
94,cloudy,Tuesday
282,cloudy,Monday
296,rain,Sunday
138,cloudy,Friday
283,cloudy,Monday
245,sunny,Monday
68,sunny,Friday
287,sunny,Saturday
195,sunny,Thursday
268,snow,Friday
168,rain,Tuesday
272,sunny,Monday
49,rain,Monday
11,sunny,Thursday
300,snow,Tuesday
74,cloudy,Tuesday
63,sunny,Saturday
165,snow,Thursday
1,rain,Thursday
107,rain,Thursday
180,sunny,Thursday
75,snow,Monday
104,sunny,Thursday
20,cloudy,Saturday
291,sunny,Sunday
45,snow,Wednesday
193,rain,Wednesday
89,cloudy,Sunday
260,sunny,Thursday
232,snow,Saturday
147,snow,Monday
169,rain,Monday
20,cloudy,Saturday
29,snow,Friday
198,sunny,Wednesday
281,cloudy,Friday
190,snow,Wednesday
27,cloudy,Sunday
39,rain,Wednesday
169,rain,Sunday
159,cloudy,Monday
215,cloudy,Saturday
210,rain,Saturday
236,sunny,Tuesday
172,cloudy,Thursday
217,cloudy,Thursday
150,snow,Thursday
255,sunny,Monday
121,rain,Monday
70,rain,Monday
203,cloudy,Wednesday
289,cloudy,Wednesday
163,snow,Thursday
167,sunny,Tuesday
287,snow,Saturday
56,cloudy,Tuesday
118,rain,Friday
260,sunny,Thursday
139,cloudy,Thursday
25,rain,Tuesday
228,rain,Sunday
188,sunny,Friday
253,cloudy,Sunday
52,sunny,Friday
294,snow,Friday
79,snow,Wednesday
86,sunny,Sunday
278,snow,Monday
140,snow,Thursday
275,cloudy,Sunday
268,rain,Friday
117,snow,Saturday
59,rain,Saturday
57,rain,Sunday
55,sunny,Tuesday
292,snow,Monday
227,sunny,Saturday
44,snow,Monday
87,snow,Friday
284,sunny,Wednesday
42,snow,Monday
29,rain,Saturday
19,cloudy,Tuesday
278,sunny,Thursday
166,sunny,Sunday
295,cloudy,Friday
242,rain,Sunday
98,sunny,Wednesday
32,cloudy,Friday
161,sunny,Sunday
44,rain,Tuesday
132,sunny,Wednesday
239,sunny,Sunday
152,snow,Wednesday
292,snow,Monday
66,cloudy,Friday
67,rain,Monday
2,sunny,Friday
112,snow,Saturday
244,snow,Thursday
18,cloudy,Thursday
54,snow,Saturday
118,sunny,Monday
137,sunny,Friday
204,rain,Friday
190,rain,Wednesday
49,snow,Tuesday
289,rain,Saturday
264,sunny,Monday
153,sunny,Tuesday
197,snow,Monday
124,rain,Wednesday
243,snow,Monday
97,snow,Thursday
197,snow,Monday
131,rain,Saturday
25,cloudy,Thursday
130,cloudy,Monday
114,sunny,Tuesday
208,rain,Friday
211,snow,Monday
244,snow,Tuesday
167,rain,Saturday
60,snow,Thursday
87,snow,Monday
202,rain,Thursday
204,rain,Saturday
83,rain,Wednesday
232,sunny,Wednesday
299,sunny,Wednesday
52,sunny,Thursday
121,cloudy,Sunday
131,snow,Sunday
273,snow,Monday
296,snow,Sunday
272,sunny,Saturday
12,cloudy,Saturday
201,sunny,Sunday
250,rain,Thursday
216,sunny,Friday
263,cloudy,Tuesday
151,sunny,Friday
20,snow,Tuesday
38,sunny,Thursday
174,snow,Thursday
226,rain,Thursday
123,snow,Monday
157,snow,Wednesday
168,cloudy,Monday
190,cloudy,Tuesday
146,cloudy,Saturday
118,sunny,Wednesday
248,rain,Sunday
64,snow,Tuesday
178,snow,Thursday
98,sunny,Tuesday
90,sunny,Monday
274,rain,Tuesday
149,rain,Friday
272,snow,Thursday
183,rain,Wednesday
7,cloudy,Thursday
200,sunny,Saturday
73,snow,Saturday
206,sunny,Monday
248,snow,Monday
258,sunny,Wednesday
256,rain,Thursday
17,cloudy,Wednesday
188,snow,Friday
216,snow,Thursday
102,cloudy,Wednesday
282,cloudy,Tuesday
286,cloudy,Sunday
155,sunny,Tuesday
101,sunny,Monday
44,cloudy,Wednesday
168,sunny,Friday
32,snow,Monday
250,snow,Monday
33,sunny,Wednesday
17,cloudy,Monday
80,rain,Friday
187,snow,Wednesday
231,snow,Friday
155,rain,Tuesday
100,cloudy,Wednesday
90,rain,Tuesday
75,sunny,Sunday
249,sunny,Saturday
93,sunny,Friday
62,snow,Friday
183,rain,Thursday
44,sunny,Sunday
157,cloudy,Saturday
22,snow,Monday
41,cloudy,Wednesday
247,rain,Tuesday
218,snow,Thursday
21,snow,Wednesday
41,rain,Monday
223,rain,Saturday
228,cloudy,Monday
288,snow,Sunday
224,sunny,Friday
139,snow,Sunday
131,sunny,Wednesday
220,cloudy,Friday
128,rain,Friday
106,rain,Monday
18,cloudy,Friday
51,sunny,Friday
233,snow,Tuesday
4,rain,Tuesday
23,sunny,Friday
164,sunny,Wednesday
181,rain,Monday
183,cloudy,Friday
300,rain,Saturday
140,rain,Saturday
50,rain,Monday
9,snow,Wednesday
67,cloudy,Tuesday
4,cloudy,Sunday
222,rain,Sunday
44,cloudy,Thursday
288,snow,Wednesday
90,cloudy,Tuesday
1,rain,Sunday
8,sunny,Friday
269,rain,Thursday
116,snow,Sunday
42,sunny,Tuesday
97,rain,Thursday
42,cloudy,Friday
12,snow,Tuesday
229,snow,Saturday
67,cloudy,Thursday
127,snow,Friday
262,sunny,Thursday
137,sunny,Wednesday
171,sunny,Wednesday
160,rain,Friday
288,sunny,Friday
72,cloudy,Thursday
271,sunny,Tuesday
191,snow,Friday
210,rain,Wednesday
259,cloudy,Saturday
9,snow,Sunday
75,rain,Monday
249,snow,Monday
29,cloudy,Thursday
61,cloudy,Thursday
189,snow,Saturday
40,snow,Sunday
264,cloudy,Friday
151,sunny,Monday
262,snow,Sunday
28,cloudy,Thursday
173,cloudy,Wednesday
180,cloudy,Saturday
180,rain,Saturday
130,snow,Friday
205,rain,Thursday
20,sunny,Thursday
141,cloudy,Friday
281,sunny,Thursday
82,cloudy,Monday
285,snow,Monday
58,sunny,Sunday
11,cloudy,Monday
39,sunny,Monday
32,cloudy,Thursday
30,rain,Friday
35,snow,Saturday
184,snow,Friday
142,cloudy,Sunday
226,cloudy,Wednesday
283,rain,Sunday
215,cloudy,Thursday
198,sunny,Saturday
220,cloudy,Saturday
136,snow,Monday
111,rain,Tuesday
36,snow,Friday
220,sunny,Sunday
67,rain,Tuesday
128,cloudy,Wednesday
266,rain,Sunday
195,sunny,Friday
38,rain,Sunday
35,rain,Tuesday
273,rain,Tuesday
300,sunny,Sunday
194,sunny,Tuesday
233,cloudy,Saturday
196,sunny,Tuesday
13,rain,Wednesday
92,sunny,Thursday
127,snow,Wednesday
245,snow,Saturday
102,sunny,Sunday
96,sunny,Wednesday
150,snow,Saturday
225,sunny,Tuesday
86,snow,Friday
36,sunny,Friday
57,snow,Sunday
160,sunny,Sunday
171,snow,Tuesday
205,rain,Thursday
243,sunny,Wednesday
34,rain,Sunday
87,rain,Friday
122,sunny,Wednesday
118,rain,Tuesday
42,sunny,Thursday
273,rain,Saturday
216,cloudy,Saturday
234,snow,Tuesday
23,cloudy,Tuesday
56,snow,Wednesday
75,snow,Monday
246,sunny,Thursday
226,snow,Friday
7,snow,Saturday
177,sunny,Saturday
188,rain,Saturday
228,snow,Tuesday
238,sunny,Thursday
165,rain,Thursday
212,sunny,Friday
129,sunny,Wednesday
16,sunny,Wednesday
70,rain,Saturday
292,sunny,Thursday
28,cloudy,Saturday
291,sunny,Friday
110,rain,Wednesday
123,rain,Monday
46,rain,Saturday
146,rain,Saturday
294,sunny,Friday
282,cloudy,Thursday
152,cloudy,Sunday
134,rain,Monday
282,snow,Friday
214,cloudy,Wednesday
213,cloudy,Monday
251,rain,Saturday
118,sunny,Saturday
89,snow,Friday
150,cloudy,Monday
4,snow,Monday
258,sunny,Monday
86,rain,Friday
200,snow,Monday
64,rain,Friday
128,rain,Saturday
137,snow,Friday
209,sunny,Friday
255,cloudy,Friday
231,sunny,Friday
94,snow,Friday
18,snow,Saturday
153,snow,Thursday
89,rain,Monday
146,sunny,Wednesday
214,sunny,Thursday
47,snow,Thursday
280,sunny,Sunday
108,rain,Saturday
121,sunny,Friday
158,cloudy,Tuesday
7,rain,Sunday
124,sunny,Thursday
255,snow,Friday
62,sunny,Wednesday
173,sunny,Sunday
86,sunny,Wednesday
8,cloudy,Wednesday
53,rain,Sunday
202,cloudy,Friday
281,sunny,Saturday
284,snow,Sunday
261,rain,Saturday
135,rain,Monday
2,rain,Sunday
263,cloudy,Sunday
186,snow,Monday
267,sunny,Sunday
70,cloudy,Sunday
273,snow,Sunday
20,cloudy,Thursday
280,snow,Saturday
224,rain,Wednesday
134,cloudy,Saturday
44,snow,Saturday
105,sunny,Wednesday
117,rain,Friday
9,sunny,Sunday
153,sunny,Sunday
290,cloudy,Tuesday
1,snow,Friday
255,rain,Thursday
171,sunny,Wednesday
43,sunny,Thursday
146,sunny,Monday
107,cloudy,Tuesday
12,snow,Thursday
180,cloudy,Thursday
97,sunny,Friday
162,rain,Sunday
246,snow,Thursday
38,rain,Saturday
40,rain,Thursday
83,snow,Sunday
274,sunny,Tuesday
56,cloudy,Sunday
252,sunny,Wednesday
215,snow,Saturday
236,rain,Thursday
22,cloudy,Wednesday
263,sunny,Friday
159,rain,Wednesday
276,rain,Saturday
100,sunny,Thursday
247,snow,Monday
163,cloudy,Tuesday
112,sunny,Thursday
242,cloudy,Tuesday
167,sunny,Saturday
216,rain,Monday
93,sunny,Saturday
33,rain,Saturday
87,rain,Sunday
249,rain,Tuesday
44,cloudy,Sunday
260,snow,Tuesday
218,sunny,Saturday
51,cloudy,Wednesday
255,sunny,Wednesday
116,snow,Tuesday
148,sunny,Monday
210,sunny,Tuesday
202,cloudy,Wednesday
106,rain,Wednesday
105,cloudy,Sunday
94,cloudy,Tuesday
102,cloudy,Tuesday
207,snow,Monday
96,sunny,Wednesday
113,rain,Wednesday
127,snow,Wednesday
211,rain,Monday
50,rain,Thursday
229,sunny,Tuesday
241,rain,Sunday
125,snow,Tuesday
159,cloudy,Wednesday
42,sunny,Tuesday
3,snow,Tuesday
277,rain,Sunday
242,rain,Thursday
10,snow,Wednesday
269,cloudy,Tuesday
240,sunny,Tuesday
212,cloudy,Thursday
11,snow,Friday
32,snow,Wednesday
62,snow,Saturday
277,rain,Saturday
39,cloudy,Thursday
259,sunny,Monday
183,snow,Sunday
218,snow,Thursday
193,cloudy,Tuesday
284,cloudy,Wednesday
59,rain,Thursday
235,snow,Sunday
177,snow,Thursday
167,cloudy,Thursday
220,sunny,Friday
150,snow,Sunday
204,snow,Sunday
44,sunny,Friday
182,rain,Monday
52,rain,Wednesday
46,rain,Monday
100,cloudy,Saturday
116,rain,Saturday
185,rain,Wednesday
179,sunny,Wednesday
135,snow,Friday
241,sunny,Saturday
67,rain,Saturday
147,sunny,Wednesday
255,sunny,Friday
240,rain,Wednesday
28,rain,Wednesday
100,rain,Wednesday
238,sunny,Wednesday
69,sunny,Friday
144,cloudy,Monday
81,sunny,Wednesday
139,rain,Wednesday
189,snow,Sunday
97,snow,Friday
156,cloudy,Tuesday
18,snow,Saturday
22,cloudy,Friday
3,sunny,Friday
82,sunny,Monday
102,snow,Tuesday
40,sunny,Thursday
88,cloudy,Monday
106,rain,Monday
11,rain,Thursday
107,sunny,Thursday
213,rain,Friday
75,sunny,Tuesday
242,rain,Monday
119,rain,Monday
216,sunny,Wednesday
87,rain,Sunday
235,sunny,Saturday
54,sunny,Sunday
45,cloudy,Thursday
243,sunny,Monday
53,cloudy,Monday
14,cloudy,Saturday
136,sunny,Saturday
290,rain,Friday
137,snow,Wednesday
295,cloudy,Tuesday
208,cloudy,Tuesday
163,cloudy,Saturday
216,cloudy,Monday
188,sunny,Thursday
229,snow,Wednesday
1,sunny,Friday
280,cloudy,Friday
186,snow,Tuesday
34,snow,Sunday
71,cloudy,Wednesday
189,sunny,Monday
100,sunny,Wednesday
262,cloudy,Monday
88,rain,Monday
208,snow,Sunday
108,sunny,Wednesday
69,rain,Friday
217,sunny,Sunday
157,sunny,Sunday
291,rain,Saturday
286,rain,Saturday
216,snow,Sunday
117,rain,Sunday
25,sunny,Friday
157,cloudy,Wednesday
178,snow,Monday
65,snow,Friday
162,sunny,Tuesday
196,snow,Monday
35,snow,Monday
115,snow,Tuesday
97,rain,Saturday
68,snow,Saturday
17,snow,Saturday
134,sunny,Wednesday
27,sunny,Wednesday
185,snow,Tuesday
271,snow,Friday
45,rain,Thursday
162,sunny,Monday
246,rain,Friday
253,cloudy,Tuesday
116,sunny,Wednesday
151,rain,Sunday
53,sunny,Saturday
252,sunny,Sunday
284,cloudy,Friday
211,cloudy,Sunday
268,rain,Tuesday
158,sunny,Sunday
111,cloudy,Sunday
223,sunny,Friday
45,cloudy,Thursday
29,cloudy,Monday
35,sunny,Thursday
60,cloudy,Friday
269,rain,Wednesday
185,cloudy,Thursday
117,sunny,Saturday
224,snow,Tuesday
25,snow,Monday
113,sunny,Friday
14,rain,Sunday
27,cloudy,Thursday
125,snow,Sunday
211,cloudy,Wednesday
95,cloudy,Saturday
166,cloudy,Sunday
180,snow,Monday
123,rain,Monday
277,rain,Friday
67,sunny,Saturday
294,cloudy,Sunday
265,sunny,Wednesday
202,snow,Friday
252,sunny,Saturday
191,cloudy,Thursday
116,rain,Tuesday
142,cloudy,Tuesday
49,snow,Wednesday
176,cloudy,Monday
241,sunny,Tuesday
249,sunny,Saturday
8,cloudy,Saturday
124,rain,Thursday
138,snow,Saturday
73,snow,Thursday
107,snow,Friday
179,cloudy,Sunday
121,cloudy,Thursday
185,snow,Sunday
180,rain,Thursday
65,snow,Friday
102,sunny,Monday
270,cloudy,Sunday
204,snow,Monday
215,sunny,Friday
121,snow,Monday
249,sunny,Sunday
124,sunny,Friday
94,rain,Thursday
108,rain,Sunday
268,snow,Monday
7,sunny,Monday
57,snow,Saturday
165,rain,Tuesday
213,snow,Thursday
292,cloudy,Saturday
251,sunny,Sunday
283,snow,Monday
196,snow,Friday
3,sunny,Friday
168,cloudy,Tuesday
16,snow,Tuesday
261,cloudy,Saturday
192,sunny,Monday
81,rain,Saturday
213,cloudy,Wednesday
21,rain,Saturday
213,cloudy,Tuesday
5,snow,Monday
20,rain,Thursday
104,sunny,Sunday
51,snow,Sunday
288,cloudy,Monday
122,sunny,Sunday
292,sunny,Sunday
264,cloudy,Thursday
90,snow,Monday
114,snow,Friday
253,snow,Monday
2,sunny,Saturday
35,snow,Wednesday
98,rain,Monday
42,sunny,Tuesday
257,cloudy,Monday
47,cloudy,Tuesday
225,cloudy,Wednesday
60,sunny,Tuesday
165,snow,Wednesday
103,snow,Tuesday
59,rain,Tuesday
270,snow,Friday
89,rain,Wednesday
202,cloudy,Sunday
291,cloudy,Friday
63,rain,Tuesday
16,sunny,Tuesday
134,sunny,Monday
210,snow,Sunday
168,cloudy,Monday
269,snow,Wednesday
237,snow,Saturday
42,snow,Saturday
131,snow,Wednesday
282,sunny,Monday
126,sunny,Wednesday
211,rain,Wednesday
70,rain,Saturday
289,cloudy,Tuesday
12,sunny,Tuesday
214,cloudy,Saturday
79,snow,Friday
174,sunny,Saturday
242,sunny,Thursday
121,cloudy,Wednesday
273,cloudy,Monday
5,rain,Friday
152,snow,Tuesday
216,cloudy,Friday
175,snow,Tuesday
162,sunny,Saturday
194,cloudy,Monday
194,cloudy,Wednesday
129,snow,Monday
181,snow,Tuesday
250,snow,Friday
117,sunny,Tuesday
66,sunny,Sunday
174,sunny,Sunday
150,cloudy,Monday
294,snow,Wednesday
181,rain,Sunday
220,snow,Sunday
70,rain,Saturday
215,cloudy,Thursday
156,snow,Sunday
288,snow,Saturday
4,sunny,Saturday
287,rain,Monday
251,sunny,Thursday
75,sunny,Monday
58,rain,Saturday
212,snow,Friday
89,sunny,Monday
234,sunny,Saturday
123,cloudy,Thursday
146,sunny,Wednesday
277,cloudy,Friday
84,snow,Saturday
173,cloudy,Sunday
269,snow,Friday
116,snow,Monday
210,cloudy,Monday
179,snow,Sunday
98,cloudy,Saturday
228,sunny,Monday
295,cloudy,Saturday
193,rain,Monday
63,rain,Friday
145,snow,Thursday
12,sunny,Wednesday
206,rain,Tuesday
117,rain,Tuesday
204,cloudy,Sunday
89,snow,Tuesday
121,cloudy,Sunday
261,cloudy,Saturday
230,cloudy,Monday
39,rain,Thursday
205,sunny,Friday
153,sunny,Friday
196,cloudy,Friday
167,cloudy,Tuesday
176,rain,Saturday
262,rain,Saturday
252,rain,Thursday
229,snow,Saturday
219,cloudy,Wednesday
227,rain,Thursday
75,cloudy,Tuesday
196,cloudy,Tuesday
153,sunny,Thursday
112,cloudy,Wednesday
169,snow,Sunday
186,rain,Tuesday
268,snow,Wednesday
80,rain,Sunday
28,snow,Wednesday
279,snow,Friday
65,snow,Tuesday
46,rain,Monday
34,snow,Friday
186,rain,Monday
104,rain,Friday
37,sunny,Sunday
234,sunny,Wednesday
74,snow,Wednesday
74,snow,Tuesday
74,cloudy,Saturday
254,cloudy,Wednesday
267,sunny,Saturday
18,rain,Thursday
260,cloudy,Wednesday
146,rain,Thursday
47,snow,Saturday
61,snow,Saturday
125,sunny,Friday
82,snow,Monday
268,snow,Wednesday
247,snow,Wednesday
266,snow,Saturday
223,rain,Wednesday
288,sunny,Saturday
125,snow,Friday
296,snow,Friday
258,sunny,Monday
133,sunny,Friday
18,rain,Thursday
217,cloudy,Tuesday
214,sunny,Thursday
66,sunny,Friday
294,cloudy,Thursday
223,rain,Thursday
154,sunny,Sunday
281,sunny,Tuesday
19,rain,Tuesday
134,sunny,Saturday
79,rain,Saturday
234,snow,Wednesday
107,sunny,Saturday
38,sunny,Sunday
87,sunny,Sunday
292,sunny,Tuesday
27,sunny,Friday
181,snow,Saturday
206,sunny,Thursday
59,cloudy,Wednesday
293,rain,Monday
205,snow,Friday
243,sunny,Saturday
48,rain,Wednesday
186,rain,Sunday
4,cloudy,Saturday
111,sunny,Tuesday
16,rain,Sunday
45,cloudy,Thursday
9,sunny,Friday
273,sunny,Wednesday
155,sunny,Sunday
229,cloudy,Tuesday
62,sunny,Saturday
116,snow,Saturday
84,snow,Thursday
241,cloudy,Thursday
188,snow,Thursday
14,snow,Sunday
66,cloudy,Wednesday
64,snow,Monday
21,sunny,Tuesday
11,sunny,Tuesday
6,rain,Monday
171,sunny,Sunday
144,cloudy,Wednesday
54,snow,Friday
273,sunny,Wednesday
69,rain,Wednesday
237,rain,Tuesday
22,cloudy,Monday
282,snow,Wednesday
210,rain,Friday
154,sunny,Sunday
93,snow,Wednesday
130,sunny,Friday
193,cloudy,Tuesday
145,sunny,Friday
187,rain,Thursday
205,snow,Sunday
266,sunny,Friday
2,snow,Friday
292,cloudy,Tuesday
165,snow,Wednesday
225,cloudy,Friday
240,cloudy,Thursday
2,snow,Tuesday
202,sunny,Sunday
292,cloudy,Thursday
123,rain,Friday
248,sunny,Thursday
215,cloudy,Sunday
73,rain,Saturday
214,rain,Wednesday
150,sunny,Saturday
273,cloudy,Wednesday
13,snow,Friday
35,cloudy,Monday
222,sunny,Monday
220,sunny,Wednesday
62,cloudy,Wednesday
143,cloudy,Saturday
262,sunny,Monday
189,cloudy,Wednesday
181,rain,Wednesday
240,sunny,Monday
37,sunny,Saturday
40,rain,Thursday
298,cloudy,Wednesday
129,snow,Wednesday
269,cloudy,Tuesday
146,cloudy,Sunday
34,sunny,Wednesday
6,sunny,Friday
100,rain,Tuesday
121,cloudy,Wednesday
214,snow,Monday
15,cloudy,Sunday
150,sunny,Tuesday
248,rain,Monday
127,rain,Monday
190,cloudy,Monday
10,sunny,Saturday
131,cloudy,Tuesday
205,sunny,Monday
48,snow,Sunday
67,cloudy,Tuesday
289,cloudy,Monday
111,snow,Sunday
90,snow,Thursday
211,rain,Thursday
107,cloudy,Friday
191,cloudy,Friday
67,rain,Wednesday
179,rain,Tuesday
268,rain,Thursday
283,rain,Tuesday
74,cloudy,Sunday
247,rain,Saturday
9,rain,Sunday
44,cloudy,Monday
107,cloudy,Wednesday
184,rain,Thursday
132,cloudy,Monday
82,snow,Tuesday
239,rain,Thursday
235,rain,Thursday
118,rain,Friday
49,rain,Friday
195,cloudy,Monday
260,cloudy,Thursday
240,sunny,Friday
80,sunny,Thursday
255,rain,Monday
2,cloudy,Saturday
51,snow,Friday
202,sunny,Monday
86,sunny,Saturday
121,snow,Wednesday
147,sunny,Tuesday
218,snow,Saturday
110,cloudy,Sunday
201,rain,Sunday
177,cloudy,Monday
270,snow,Tuesday
135,rain,Saturday
249,snow,Thursday
23,snow,Thursday
14,cloudy,Wednesday
194,rain,Wednesday
78,snow,Monday
80,sunny,Wednesday
73,cloudy,Sunday
270,cloudy,Thursday
206,sunny,Thursday
291,rain,Wednesday
180,snow,Wednesday
157,cloudy,Tuesday
240,cloudy,Sunday
86,rain,Sunday
167,sunny,Monday
178,rain,Saturday
25,cloudy,Saturday
263,sunny,Saturday
277,snow,Thursday
295,rain,Sunday
4,sunny,Tuesday
13,sunny,Thursday
290,cloudy,Monday
254,rain,Thursday
100,snow,Wednesday
283,rain,Thursday
127,sunny,Saturday
225,snow,Saturday
154,cloudy,Saturday
185,cloudy,Saturday
214,snow,Tuesday
28,rain,Tuesday
241,cloudy,Sunday
190,cloudy,Friday
189,sunny,Tuesday
100,cloudy,Tuesday
129,snow,Friday
5,cloudy,Wednesday
43,rain,Tuesday
131,cloudy,Wednesday
209,rain,Monday
119,sunny,Friday
64,sunny,Friday
22,sunny,Saturday
150,snow,Thursday
49,sunny,Friday
177,sunny,Tuesday
151,sunny,Friday
42,cloudy,Tuesday
292,snow,Monday
17,rain,Sunday
196,snow,Tuesday
138,sunny,Monday
155,sunny,Wednesday
170,rain,Saturday
